{"cameraMode":{"drawMode":0,"name":"Shaded","section":"Shading Mode"},"sceneLighting":true,"audioPlay":false,"sceneViewState":{"showFog":true,"showMaterialUpdate":false,"showSkybox":true,"showFlares":true,"showImageEffects":true,"showParticleSystems":true},"in2DMode":false,"pivot":{"x":492.5299987792969,"y":170.0500030517578,"z":241.66000366210938},"rotation":{"x":-0.14503519237041474,"y":0.32548078894615176,"z":-0.05052856355905533,"w":-0.9329919815063477},"size":22.0,"orthographic":false}